{"startTime":1531884156.948944,"endTime":1531884176.448538,"timing":[[1531884156.948944,1531884156.948944,0,"2-frame"]]}